section,date,artist,release,format,label
"The 1975, early EPs",2012-08-06,The 1975,Facedown,EP,Dirty Hit
"The 1975, early EPs",2012-08-09,The 1975,The City,Single,Dirty Hit
"The 1975, early EPs",2012-11-19,The 1975,Sex,EP,Dirty Hit
"The 1975, early EPs",2013-03-04,The 1975,Music for Cars,EP,Dirty Hit
"The 1975, early EPs",2013-03-04,The 1975,Chocolate,Single,Dirty Hit
"The 1975, early EPs",2013-05-20,The 1975,IV,EP,Dirty Hit
"The 1975, *The 1975*",2013,The 1975,Fallingforyou,Single (US),Interscope
"The 1975, *The 1975*",2013-08-23,The 1975,Sex,Single,Dirty Hit / Polydor
"The 1975, *The 1975*",2013-09-02,The 1975,The 1975,Album,Dirty Hit / Polydor
"The 1975, *The 1975*",2013-11-11,The 1975,Girls,Single,Dirty Hit / Polydor
"The 1975, *The 1975*",2014-02-24,The 1975,Settle Down,Single,Dirty Hit / Polydor
"The 1975, *The 1975*",2014-05-26,The 1975,Robbers,Single,Dirty Hit / Polydor
"The 1975, *The 1975*",2014-08-18,The 1975,Heart Out,Single,Dirty Hit / Polydor
"The 1975, *I Like It When You Sleep*",2015-10-08,The 1975,Love Me,Single,Dirty Hit / Polydor
"The 1975, *I Like It When You Sleep*",2015-12-10,The 1975,Ugh!,Single,Dirty Hit / Polydor
"The 1975, *I Like It When You Sleep*",2016-02-15,The 1975,Somebody Else,Single,Dirty Hit / Polydor
"The 1975, *I Like It When You Sleep*",2016-02-19,The 1975,The Sound,Single,Dirty Hit / Polydor
"The 1975, *I Like It When You Sleep*",2016-02-22,The 1975,A Change of Heart,Single,Dirty Hit / Polydor
"The 1975, *I Like It When You Sleep*",2016-02-26,The 1975,I Like It When You Sleep,Album,Dirty Hit / Polydor
"The 1975, *I Like It When You Sleep*",2016-11-11,The 1975,She's American,Single,Dirty Hit / Polydor
"The 1975, *I Like It When You Sleep*",2017-02-03,The 1975,Loving Someone,Single,Dirty Hit / Polydor
Rouge Neon Records,2014-03,John & The Volta,Empirical (Extended),Album,
Rouge Neon Records,2017-03-24,John & The Volta,Low Life,Album,Rouge Neon (RNR01LP)
Rouge Neon Records,2018-06-16,Fotograph,Hollywood Secrets,EP,Rouge Neon
"Amber Run, *5AM*",2014-02-14,Amber Run,Noah,EP,RCA
"Amber Run, *5AM*",2014-04-18,Amber Run,Spark,EP,RCA
"Amber Run, *5AM*",2014-07,Amber Run,I Found,Single,RCA
"Amber Run, *5AM*",2014-08,Amber Run,Pilot,Single,RCA
"Amber Run, *5AM*",2014-09-19,Amber Run,Pilot,EP,RCA
"Amber Run, *5AM*",2015-01-05,Amber Run,Just My Soul Responding,Single,RCA
"Amber Run, *5AM*",2015-04-20,Amber Run,5AM,Album,RCA
"Tom Grennan, EPs",2016,Tom Grennan,Something in the Water,EP,Insanity
"Tom Grennan, EPs",2017,Tom Grennan,Release the Brakes,EP,Insanity
"Tom Grennan, EPs",2017,Tom Grennan,Found What I've Been Looking For,EP,Columbia / Sony
"Amy Milner, singles",2016,Amy Milner,Help,Single,
"Amy Milner, singles",2016-04-29,Amy Milner,Have It All,Single,Aesop (ASP-011)
"Amy Milner, singles",2017,Amy Milner,Light of Day,Single,
"Jens Kuross, singles and EPs",2016,Jens Kuross,Jens Kuross,EP,Aesop (ASP-009)
"Jens Kuross, singles and EPs",2016-10-11,Jens Kuross,We Will Run,Single,Aesop (ASP-015)
"Jens Kuross, singles and EPs",2018-04,Jens Kuross,I Only Ever Loved Your Ghost,Single,Aesop
"Jens Kuross, singles and EPs",2018-04-13,Jens Kuross,"Art! at the expense of mental health, Vol. 1",EP,Aesop
"Jens Kuross, singles and EPs",2018,Jens Kuross,The Life Inside,Single,Aesop
"Zach Said, singles and EPs",2017-09-08,Zach Said,Holding On,Single,Insanity
"Zach Said, singles and EPs",2017-08-11,Zach Said,No Love,Single,Insanity
"Zach Said, singles and EPs",2017-09-29,Zach Said,CONTRAST,EP,Insanity
"Zach Said, singles and EPs",2018,Zach Said,Get You Back,Single,Insanity
"Zach Said, singles and EPs",2018-05-16,Zach Said,Money (feat. Knucks),Single,Insanity
"Zach Said, singles and EPs",2018-09-07,Zach Said,BALANCE,EP,Insanity
"Zach Said, singles and EPs",2018-08-10,Zach Said,Catch a Feeling,Single,Insanity
"Alvarez Kings, *Somewhere Between*",2017-04-14,Alvarez Kings,Somewhere Between,Album,Sire
"Kele Okereke, *Fatherland*",2017-10-06,Kele Okereke,Fatherland,Album,BMG
"Phairo, *Shed Beets*",2018,Phairo,Pelican,Single,Watermelon
"Phairo, *Shed Beets*",2018-05-11,Phairo,Shed Beets,EP,Watermelon
"Bad Sounds, *Get Better*",2018-08-17,Bad Sounds,Get Better,Album,Insanity / Sony
"Olympians, *Adventure Gun*",2013-04-29,Olympians,Adventure Gun,EP,Barely Regal
"Olympians, *Brunch Cannon*",2014-08-27,Olympians,Brunch Cannon,Single,Barely Regal
"Olympians, *Dance Like Everybody's Watching and They Hate You*",2015-03-23,Olympians,Dance Like Everybody's Watching and They Hate You,Album,Barely Regal
"Olympians, *Reasons to Be Tearful*",2016-06-24,Olympians,Reasons to Be Tearful,Album,Barely Regal
"Kele Okereke, *Fatherland*",2018-04-20,Kele Okereke,Fatherland,Music Video,
