date,title,source,url,category,type,status,project
2027-02-27,Character-Led Screenplay Writing,"National Centre for Writing, Norwich",https://nationalcentreforwriting.org.uk/events/character-led-screenplay-writing-with-david-drake/,Talk,workshop,forthcoming,
2027,Law of Sines,,film/law-of-sines.html,Feature Film,feature film,in casting,
2027,Blue Banana Novel Research and Development Grant,Arts Council England,,Award,award,awarded,
2026-10-15,"*The Long Haul*, New Directors Competition",Mostra Internacional de Cinema em São Paulo,https://mostra.org/jornal-da-mostra/confira-a-selecao-completa-da-50-mostra-internacional-de-cinema-em-sao-paulo,Screening,screening,forthcoming,film/the-long-haul.html
2026-10-09,*The Long Haul*,BendFilm Festival,,Screening,screening,forthcoming,film/the-long-haul.html
2026-10-03,*The Long Haul*,Yellow Springs Film Festival,,Screening,screening,screened,film/the-long-haul.html
2026-09-30,"'The Long Haul,' 'The River Remembers' screen at BendFilm",The Bulletin,https://bendbulletin.com/2026/09/30/the-long-haul-the-river-remembers-screen-at-bendfilm/,Press,review,published,film/the-long-haul.html
2026-06-21,The Long Haul,DMovies,https://dmovies.org/2026/06/21/the-long-haul/,Press,review,published,film/the-long-haul.html
2026-06-18,One For The Road,Eye for Film,https://www.eyeforfilm.co.uk/feature/2026-06-18-interview-with-david-drake-about-the-long-haul-feature-story-by-paul-risker,Press,interview,published,film/the-long-haul.html
2026-06-09,Tribeca 2026: The Long Haul,Josh at the Movies,https://joshatthemovies.com/2026/06/09/tribeca-2026-the-long-haul/,Press,review,published,film/the-long-haul.html
2026-06-08,Tribeca 2026: The Long Haul,Rachel's Reviews,https://rachelsreviews.net/2026/06/08/tribeca-2026-the-long-haul/,Press,review,published,film/the-long-haul.html
2026-06-07,The Long Haul,,film/the-long-haul.html,Feature Film,feature film,released,
2026-06-07,*The Long Haul* world premiere,Tribeca Festival,https://tribecafilm.com/films/long-haul-2026,Screening,screening,screened,film/the-long-haul.html
2026-06-07,*The Long Haul* premiere,Tribeca Festival,,Talk,Q&A,completed,film/the-long-haul.html
2026,Margo Martindale Just Gave the Film Performance of a Lifetime,The Hollywood Reporter,https://www.hollywoodreporter.com/movies/movie-features/margo-martindale-new-movie-long-haulamericans-justified-1236625610/,Press,feature,published,film/the-long-haul.html
2026,What Trucking Taught Me About Making an Independent Film,IndieWire,https://www.indiewire.com/features/general/the-long-haul-trucking-making-independent-film-1235198303/,Press,feature,published,film/the-long-haul.html
2026,Interview with David Drake,Cinephile Mike,https://www.youtube.com/watch?v=mGj_nbVQxRU,Press,interview,published,film/the-long-haul.html
2026,Margo Martindale Delivers a Career-Best Performance in This Emotional Drama,Film-Book,https://film-book.com/film-review-the-long-haul-margo-martindale-delivers-a-career-best-performance-in-this-emotional-drama-tribeca-2026/,Press,review,published,film/the-long-haul.html
2025-09-26,Short to Feature,BFI Network,https://www.independentcinemaoffice.org.uk/film-hub-south-east/network/david-drake-short-to-feature/,Press,article,published,
2023-05-03,"BFI NETWORK showcase and masterclass, *Left Over*",Cinema City,https://www.independentcinemaoffice.org.uk/training/bfi-network-cinemacity-showcasemasterclass/,Screening,"screening, masterclass",screened,film/left-over.html
2023,"Getting Films Made, UEA",Norwich Film Festival,,Talk,panel,completed,
2022-09-18,Left Over by David N. Drake,MovieBabble,https://moviebabble.com/2022/09/18/left-over-by-david-n-drake/,Press,review,published,film/left-over.html
2022,Left Over,,film/left-over.html,Short Film,short film,released,
2022,Ravensbourne University London,,,Talk,guest lecturer,completed,
2022,"Vimeo Staff Pick, *Left Over*",,,Screening,screening,screened,film/left-over.html
2021,Funding Q&A webinar,BFI NETWORK,https://www.independentcinemaoffice.org.uk/training/bfi-network-south-east-south-west-funding-qa/,Talk,Q&A,completed,
2021,BFI Network x BAFTA Crew,,,Role,member,completed,
2020-11-11,*Post 398*,Sound Unseen Film Festival,,Screening,screening,screened,film/post-398.html
2020-10-21,*Post 398*,Bushwick Film Festival,,Screening,"screening, Q&A",screened,film/post-398.html
2020-08-27,*Post 398*,International Documentary Film Festival of Buenos Aires,,Screening,screening,screened,film/post-398.html
2020-07-06,*Post 398*,San Francisco Black Film Festival,,Screening,screening,screened,film/post-398.html
2020-06-07,*Post 398*,Oxford International Short Film Festival,,Screening,"screening, Q&A",screened,film/post-398.html
2020-03-23,"Alex Kozobolis, *Offline*",,music-video/alex-kozobolis-offline.html,Music Video,music video,released,
2020-01-28,*Party Wall*,No Budge,,Screening,screening,screened,film/party-wall.html
2020,Post 398,,film/post-398.html,Short Film,short film,released,
2020,Manlleu International Film Festival,,,Role,juror,completed,
2019-07-12,"Best Short Film, *A Foot of Turf*",Manlleu International Film Festival,,Award,award,awarded,film/a-foot-of-turf.html
2019-05-30,*A Foot of Turf*,Offside Lisboa Festival,,Screening,screening,screened,film/a-foot-of-turf.html
2019,Early Worm,,film/early-worm.html,Short Film,short film,released,
2019,Norwich University of the Arts,,,Talk,guest lecturer,completed,
2019,BFI Network Early Development Fund,,,Role,development,completed,
2018-12-19,"Premiere: Aniseed, Crabshells",CLASH,https://www.clashmusic.com/videos/premiere-aniseed-crabshells,Screening,premiere,screened,music-video/aniseed-crabshells.html
2018-12-18,A Foot of Turf,NOWNESS,https://www.nowness.com/story/foot-of-turf-david-drake-island-of-arranmore,Screening,screening,screened,film/a-foot-of-turf.html
2018-11-29,"Aniseed, *Crabshells*",,music-video/aniseed-crabshells.html,Music Video,music video,released,
2018-09-13,*Common Era*,Norwich Arts Centre,,Exhibition,solo show,exhibited,photography/common-era.html
2018-06-07,"Sink Ya Teeth, *Substitutes*",,music-video/sink-ya-teeth-substitutes.html,Music Video,music video,released,
2018-04-12,Obscura Presents,"Nunn's Yard, Norwich",,Exhibition,group show,exhibited,photography/avec-pi.html
2018-03-30,*Party Wall*,Bucharest Short Film Festival,,Screening,screening,screened,film/party-wall.html
2018-02-21,The Telling Black and White Portraiture of David Drake,Phoblographer,https://www.thephoblographer.com/2018/02/21/the-telling-black-and-white-portraiture-of-david-drake/,Press,interview,published,
2018,A Foot of Turf,,film/a-foot-of-turf.html,Short Film,short film,released,
2018,Party Wall,,film/party-wall.html,Short Film,short film,released,
2018,Cambridge Film Festival Writers Lab,,,Role,lab,completed,
2018,"Obscura Darkroom, Norwich, 2018–2020",,,Role,co-founder,completed,
2017-06-15,*CE: Work in Progress*,"Studio 20, Norwich",,Exhibition,solo show,exhibited,photography/common-era.html
2017-05-07,"John & The Volta x David Drake, Low Life",Neoprisme,https://neoprisme.com/john-the-volta-david-drake-low-life/,Press,feature,published,album-art/rouge-neon-records.html
2017-03-30,"IDER, *Nevermind*",,music-video/ider-nevermind.html,Music Video,music video,released,
2017-02-12,"Best Boxed or Special Limited Edition Package, The 1975, *I Like It When You Sleep*",Grammy Awards,,Award,award,nominated,album-art/the-1975-i-like-it-when-you-sleep.html
2017-01,Get Featured: David Drake,Japan Camera Hunter,https://www.japancamerahunter.com/2017/01/get-featured-david-drake/,Press,feature,published,photography/sailing-stones.html
2017,Common Era,,photography/common-era.html,Photography,photography,completed,
2017,Commissions,,photography/commissions.html,Photography,photography,completed,
2016-12-03,"On Paper Festival, Norwich",,,Exhibition,book fair,exhibited,photography/avec-pi.html|photography/carousel.html|photography/sailing-stones.html|photography/a-burning-cloud.html
2016-10-22,"Unveil'd Photo Fair, Exeter",,,Exhibition,book fair,exhibited,photography/avec-pi.html|photography/carousel.html|photography/sailing-stones.html|photography/a-burning-cloud.html
2016-06-18,"Live Footage, *View From a Desert Helicopter*",,music-video/live-footage-view-from-a-desert-helicopter.html,Music Video,music video,released,
2016-05-10,Artist Spotlight: David Drake,Booooooom,https://www.booooooom.com/2016/05/10/artist-spotlight-david-drake/,Press,feature,published,
2016-04-21,*Sailing Stones*,"Flint, Norwich",,Exhibition,solo show,exhibited,photography/sailing-stones.html
2016-03-11,The 1975 Neon Signs by David Drake,Design Collector,https://designcollector.net/likes/the1975-neon-signs-by-david-drake,Press,feature,published,album-art/the-1975-i-like-it-when-you-sleep.html
2016-02-29,Shooting for The 1975,Creative Review,https://www.creativereview.co.uk/shooting-for-the-1975/,Press,interview,published,album-art/the-1975-i-like-it-when-you-sleep.html
2016-02-29,The 1975: Drake and Burgess-Johnson,Creative Boom,https://www.creativeboom.com/inspiration/the-1975-drake-and-burgess-johnson-create-neon-signs-for-the-manchester-band/,Press,feature,published,album-art/the-1975-i-like-it-when-you-sleep.html
2016-02-18,Objects & Observations,"Yallop's Art Gallery, Norwich",,Exhibition,group show,exhibited,photography/sailing-stones.html
2016-01-22,Zines of the Year,A Photo Editor,https://www.aphotoeditor.com/2016/01/22/promos-of-the-year-2015-zine/,Press,feature,published,photography/a-burning-cloud.html
2016,Avec Pi,,photography/avec-pi.html,Photography,photography,completed,
2016,City College Norwich,,,Talk,guest lecturer,completed,
2016,"Off the Record, Manchester, with Brian Cannon",,,Talk,panel,completed,
2015-12-04,A Burning Cloud Photobook Review,The Unknown Books,https://theunknownbooks.tumblr.com/post/134536472719/title-a-bourning-could-author-david-drake,Press,review,published,photography/a-burning-cloud.html
2015-07-21,Why does album artwork exist in the digital age?,Creative Bloq,https://www.creativebloq.com/graphic-design/album-artwork-digital-age-71515796,Press,interview,published,
2015,Carousel,,photography/carousel.html,Photography,photography,completed,
2015,Sailing Stones,,photography/sailing-stones.html,Photography,photography,completed,
2015,A Burning Cloud,,photography/a-burning-cloud.html,Photography,photography,completed,
2013,"Studio 20, Norwich, 2013–2016",,,Role,co-founder,completed,
2012,"Glass Animals, 2012",,,Photography,press photography,published,
2012,"Django Django, *Django Django*",,,Photography,press photography,published,
2012,"I Like Trains, *The Shallows*",,,Photography,press photography,published,
2009-10,A Life Clichéd,"Postscripts, *Enemy of the Good*",,Short Story,short story,published,
2008-06,Remedy Blue,Big Pulp,,Short Story,short story,published,
